Location,Name,Postcode,Visited,Date,Latloc
Aylesbury,The Bell,HP20 1TX,Yes,Pre-challenge,"51.8155000,-0.8123000"
Balham,The Moon Under Water,SW12 9BP,Yes,Pre-challenge,"51.4439000,-0.1529000"
Bournemouth,The Christopher Creeke,BH8 8AD,Yes,Pre-challenge,"50.7227000,-1.8652000"
Bournemouth,The Moon in the Square,BH2 5AQ,Yes,Pre-challenge,"50.7181000,-1.8805000"
Bristol,The Berkeley,BS8 1QE,Yes,Pre-challenge,"51.4557000,-2.6052000"
Bromley,The Greyhound,BR1 1NY,Yes,Pre-challenge,"51.4065000,0.0131000"
Bromley,The Richmal Crompton,BR1 1DS,Yes,Pre-challenge,"51.3992000,0.0166000"
Cardiff,The Ernest Willows,CF24 3DL,Yes,Pre-challenge,"51.4863000,-3.1658000"
Cardiff,The Gatekeeper,CF10 1DD,Yes,Pre-challenge,"51.4800000,-3.1814000"
Cardiff,The Great Western,CF10 1FA,Yes,Pre-challenge,"51.4771000,-3.1774000"
Cardiff,The Prince of Wales,CF10 1FA,Yes,Pre-challenge,"51.4771000,-3.1774000"
Coventry,The Earl of Mercia,CV1 5RE,Yes,Pre-challenge,"52.4074730,-1.5090200"
Islington,The Angel,N1 9LQ,Yes,Pre-challenge,"51.5324000,-0.1066000"
Leamington Spa,The Jug & Jester,CV31 3AF,Yes,Pre-challenge,"52.2852000,-1.5327000"
Leamington Spa,The Benjamin Satchwell,CV32 4AQ,Yes,Pre-challenge,"52.2899000,-1.5360000"
Manchester,Mardi Gras,M17 8EH,Yes,Pre-challenge,"53.4662000,-2.3490000"
Marble Arch,The Tyburn,W2 2EN,Yes,Pre-challenge,"51.5138550,-0.1601180"
Old Street,The Masque Haunt,EC1V 9BP,Yes,Pre-challenge,"51.5250000,-0.0905000"
Petts Wood,The Sovereign of the Seas,BR5 1DG,Yes,Pre-challenge,"51.3895000,0.0718000"
Swansea,The Potters Wheel,SA1 5JE,Yes,Pre-challenge,"51.6196000,-3.9488000"
Ickenham,The Tichenham Inn,UB10 8DF,Yes,06/12/2015,"51.5644660,-0.4449470"
West End,The Montagu Pyke,WC2H 0DT,Yes,05/12/2015,"51.5139960,-0.1298320"
South Norwood,The William Stanley,SE25 6EP,Yes,28/11/2015,"51.3985130,-0.0764670"
Thornton Heath,The Flora Sandes,CR7 7JG,Yes,28/11/2015,"51.3982170,-0.0996680"
Stevenage,The Standard Bearer,SG1 1PF,Yes,25/11/2015,"51.9010410,-0.2025710"
Stevenage,The Standing Order,SG1 3AU,Yes,25/11/2015,"51.9121040,-0.2080320"
Battersea,The Asparagus,SW11 2PL,Yes,22/11/2015,"51.4700000,-0.1714000"
Farringdon,The Sir John Oldcastle,EC1M 3JF,Yes,15/11/2015,"51.5198730,-0.1060240"
Holborn,Penderel's Oak,WC1V 7HP,Yes,15/11/2015,"51.5178570,-0.1154330"
Holborn,Shakespeares Head,WC2B 6BG,Yes,15/11/2015,"51.5171030,-0.1194420"
Islington,The Glass Works,N1 0PS,Yes,01/11/2015,"51.5344590,-0.1066010"
Amesbury,The Bell,SP4 7AW,Yes,18/10/2015,"51.1722000,-1.7801000"
Salisbury,The King's Head Inn,SP1 2ND,Yes,18/10/2015,"51.0685090,-1.7978040"
Bournemouth,The Mary Shelley,BH1 2AD,Yes,11/10/2015,"50.7210880,-1.8759530"
Warrington,The Friar Penketh,WA1 1EX,Yes,20/09/2015,"53.3875220,-2.5940710"
Warrington,The Looking Glass,WA1 2LY,Yes,20/09/2015,"53.3895890,-2.5925210"
Manchester,The Waterhouse,M2 4EG,Yes,19/09/2015,"53.4790080,-2.2427020"
Hammersmith,The Plough & Harrow,W6 0QU,Yes,17/09/2015,"51.4928240,-0.2328190"
Hammersmith,The William Morris,W6 0QA,Yes,15/09/2015,"51.4930760,-0.2256640"
Cardiff,The Central Bar,CF10 3BW,Yes,07/09/2015,"51.4834000,-3.1728000"
Cardiff,The Crockerton,CF10 3AD,Yes,07/09/2015,"51.4831000,-3.1758000"
Manchester,The Paramount,M1 4BH,Yes,23/08/2015,"53.4767000,-2.2426000"
Manchester,Wetherspoons Piccadilly,M1 2AP,Yes,23/08/2015,"53.4812000,-2.2351000"
Edinburgh,The Playfair,EH1 3AJ,Yes,21/08/2015,"55.9566000,-3.1843000"
Leith,The Foot of the Walk,EH6 7AA,Yes,21/08/2015,"55.9706000,-3.1709000"
Edinburgh,The Standing Order,EH2 2LR,Yes,19/08/2015,"55.9530000,-3.1991000"
Edinburgh,The Alexander Graham Bell,EH2 4JZ,Yes,18/08/2015,"55.9517000,-3.2051000"
Edinburgh,The White Lady,EH12 8AT,Yes,18/08/2015,"55.9429000,-3.2822000"
Aberdare,Yr Ieuan Ap Iago,CF44 7AA,No,,"51.7126000,-3.4466000"
Aberdeen,The Archibald Simpson,AB11 5BQ,No,,"57.1485000,-2.0927000"
Aberdeen,The Granite City,AB21 7DU,No,,"57.2005000,-2.2034000"
Aberdeen,The Justice Mill,AB11 6DA,No,,"57.1433000,-2.1096000"
Abergavenny,The Coliseum,NP7 5PE,No,,"51.8232000,-3.0177000"
Abertillery,The Pontlottyn,NP13 1DJ,No,,"51.7299000,-3.1342000"
Aberystwyth,Yr Hen Orsaf,SY23 1LN,No,,"52.4151000,-4.0803000"
Abingdon,The Narrows,OX14 5AA,No,,"51.6705000,-1.2831000"
Accrington,The Commercial Hotel,BB5 2EN,No,,"53.7520000,-2.3644000"
Acton,The Red Lion & Pineapple,W3 9BP,No,,"51.5082000,-0.2767000"
Airdrie,The Robert Hamilton,ML6 6AF,No,,"55.8665000,-3.9807000"
Aldershot,The Queen Hotel,GU11 1BH,No,,"51.2499000,-0.7669000"
Aldridge,The Avion,WS9 8PT,No,,"52.6041000,-1.9193000"
Alfreton,Waggon and Horses,DE55 7AF,No,,"53.0969000,-1.3904000"
Alloa,The Bobbing John,FK10 1JL,No,,"56.1156000,-3.7909000"
Alton,The Ivy House,GU34 1SS,No,,"51.1470000,-0.9752000"
Altrincham,The Unicorn,WA14 2DP,No,,"53.3830000,-2.3520000"
Andover,The John Russell Fox,SP10 1NY,No,,"51.2069000,-1.4789000"
Arbroath,The Corn Exchange,DD11 1HR,No,,"56.5588000,-2.5823000"
Arnold,The Ernehale,NG5 6JN,No,,"53.0017000,-1.1304000"
Ashby De La Zouch,The Shoulder of Mutton,LE65 1AF,No,,"52.7469000,-1.4726000"
Ashford,The County Hotel,TN24 8TD,No,,"51.1492000,0.8751000"
Ashington,The Rohan Kanhai,NE63 9UX,No,,"55.1833000,-1.5686000"
Ashton-in-Makerfield,The Sir Thomas Gerard,WN4 9AN,No,,"53.4867000,-2.6367000"
Ashton-under-Lyne,The Ash Tree,OL6 6DA,No,,"53.4900000,-2.0926000"
Aylesbury,The White Hart,HP20 1UR,No,,"51.8154000,-0.8104000"
Ayr,The West Kirk,KA7 1BX,No,,"55.4627000,-4.6342000"
Ballymena,The Spinning Mill,BT43 6EB,No,,"54.8666000,-6.2736000"
Banbury,The Exchange,OX16 5LA,No,,"52.0606000,-1.3390000"
Banbury,The Fleur-de-Lis,OX16 5BL,No,,"52.0609000,-1.3350000"
Bangor,The Black Bull Inn,LL57 1NS,No,,"53.2242000,-4.1294000"
Barking,The Barking Dog,IG11 8TU,No,,"51.5395000,0.0808000"
Barkingside,The New Fairlop Oak,IG6 2JP,No,,"51.5940000,0.0850000"
Barnsley,The Joseph Bramah,S70 2PX,No,,"53.5529000,-1.4822000"
Barnsley,The Silkstone Inn,S70 1SN,No,,"53.5512000,-1.4805000"
Barnstaple,The Panniers,EX31 1RX,No,,"51.0807000,-4.0580000"
Barnstaple,The Water Gate,EX31 1EU,No,,"51.0790000,-4.0601000"
Barrow-in-Furness,The Furness Railway,LA14 5UB,No,,"54.1157000,-3.2278000"
Barry,The Sir Samuel Romilly,CF62 7AU,No,,"51.3985000,-3.2844000"
Basildon,The Moon on the Square,SS14 1DF,No,,"51.5695000,0.4567000"
Basingstoke,Lloyds No.1 Bar,RG21 7BB,No,,"51.2655000,-1.0845000"
Basingstoke,The Maidenhead Inn,RG21 7ED,No,,"51.2623000,-1.0876000"
Bath,The King of Wessex,BA1 2BX,No,,"51.3808000,-2.3649000"
Bathgate,The James Young,EH48 4EU,No,,"55.9029000,-3.6409000"
Batley,The Union Rooms,WF17 5HW,No,,"53.7127000,-1.6289000"
Beaconsfield,The Hope & Champion,HP9 2SE,No,,"51.5874000,-0.6279000"
Beccles,The Kings Head Hotel,NR34 9HA,No,,"52.4577000,1.5635000"
Bedford,The Banker's Draft,MK40 1NU,No,,"52.1385000,-0.4666000"
Bedford,The Pilgrim's Progress,MK40 1QB,No,,"52.1359000,-0.4725000"
Bedlington,The Red Lion,NE22 5TZ,No,,"55.1309000,-1.5989000"
Bedworth,The Bear and Ragged Staff,CV12 8JA,No,,"52.4796000,-1.4711000"
Beeston,The Last Post,NG9 1AA,No,,"52.9262000,-1.2169000"
Belfast,The Bridge House,BT2 7EJ,No,,"54.5930000,-5.9315000"
Berkhamsted,The Crown,HP4 3HH,No,,"51.7597000,-0.5632000"
Berwick-upon-Tweed,The Leaping Salmon,TD15 1BG,No,,"55.7700000,-2.0056000"
Bewdley,George Hotel,DY12 2AW,No,,"52.3761000,-2.3150000"
Bexleyheath,The Furze Wren,DA6 7DY,No,,"51.4566000,0.1466000"
Bexleyheath,The Wrong 'Un,DA6 8AS,No,,"51.4578000,0.1373000"
Bicester,The Penny Black,OX26 6JW,No,,"51.8991000,-1.1526000"
Biddulph,The Bradley Green,ST8 6AS,No,,"53.1156000,-2.1764000"
Bideford,The Rose Salterne,EX39 2PZ,No,,"51.0200000,-4.2055000"
Billericay,The Blue Boar,CM12 9BA,No,,"51.6272000,0.4187000"
Billingham,The Half Moon Inn,TS23 2NW,No,,"54.6074000,-1.2941000"
Bilston,The Sir Henry Newbolt,WV14 0EP,No,,"52.5639000,-2.0800000"
Bingham,The Butter Cross,NG13 8AP,No,,"52.9527000,-0.9517000"
Bingley,The Myrtle Grove,BD16 1AJ,No,,"53.8473540,-1.8371450"
Birkenhead,The Brass Balance,CH41 6AB,No,,"53.3917080,-3.0178940"
Birkenhead,The John Laird,CH41 4AP,No,,"53.3916900,-3.0252170"
Birmingham,Birmingham Airport Airside Departure Lounge,B26 3QJ,No,,"52.4512850,-1.7310630"
Birmingham,Birmingham,B40 1NT,No,,"52.4532570,-1.7171450"
Birmingham,The Arthur Robertson,B42 1AA,No,,"52.5176000,-1.9029450"
Birmingham,The Black Horse,B31 2QT,No,,"52.4106370,-1.9739350"
Birmingham,The Briar Rose,B2 5RE,No,,"52.4799290,-1.9000530"
Birmingham,The Charlie Hall,B23 6SH,No,,"52.5242460,-1.8395090"
Birmingham,The Dragon Inn,B5 4TD,No,,"52.4745320,-1.8966060"
Birmingham,The Figure of Eight,B1 2HG,No,,"52.4764510,-1.9123550"
Birmingham,The Hornet,B8 2LY,No,,"52.4925100,-1.8197850"
Birmingham,The Pear Tree,B14 7JQ,No,,"52.4317900,-1.8926760"
Birmingham,The Soloman Cutler,B1 2DS,No,,"52.4777350,-1.9102910"
Birmingham,The Spread Eagle,B27 6BL,No,,"52.4467790,-1.8203830"
Birmingham,The Square Peg,B4 6PH,No,,"52.4827660,-1.8950550"
Bishop Auckland,The Stanley Jefferson,DL14 7NJ,No,,"54.6652780,-1.6730150"
Bishops Stortford,The Port Jackson,CM23 3GN,No,,"51.8686760,0.1619970"
Blackburn,The Postal Order,BB2 2BY,No,,"53.7470730,-2.4831920"
Blackpool,The Albert and The Lion,FY1 4RU,No,,"53.8169190,-3.0550580"
Blackpool,The Auctioneer,FY1 6ET,No,,"53.8003420,-3.0512110"
Blackpool,The Layton Rakes,FY1 1ET,No,,"53.8184360,-3.0552640"
Blackpool,The Velvet Coaster,FY4 1BA,No,,"53.7950170,-3.0557990"
Blackwood,The Sirhowy,NP12 1BA,No,,"51.6691500,-3.1952720"
Blairgowrie,The Fair O'Blair,PH10 6AB,No,,"56.5925170,-3.3380540"
Blanchardstown,The Great Wood,Blanchardstown,No,,"53.3868130,-6.3771970"
Bloxwich,The Bloxwich Showman,WS3 3JT,No,,"52.6145580,-2.0039300"
Blyth,The Wallaw,NE24 2DX,No,,"55.1264530,-1.5081000"
Bodmin,Chapel an Gansblydhen,PL31 2HR,No,,"50.4712440,-4.7223810"
Bognor Regis,The Hatter's Inn,PO21 1QT,No,,"50.7836570,-0.6757490"
Bolton,The Spinning Mule,BL1 1JT,No,,"53.5774640,-2.4268250"
Bootle,The Merton Inn,L20 3BW,No,,"53.4484810,-2.9891360"
Bootle,The Wild Rose,L20 3ET,No,,"53.4527110,-2.9906650"
Borehamwood,The Hart & Spool,WD6 1EQ,No,,"51.6571630,-0.2723510"
Boscombe,Sir Percy Florence Shelley,BH7 6AA,No,,"50.7275200,-1.8360450"
Boston,The Moon Under Water,PE21 8SH,No,,"52.9763660,-0.0242000"
Bournemouth,The Parkstone and Heatherlands,BH9 2AN,No,,"50.7438150,-1.8781600"
Bracknell,The Old Manor,RG12 1BP,No,,"51.4160470,-0.7464610"
Bradford,The Sir Titus Salt,BD7 1AQ,No,,"53.7911190,-1.7583230"
Bradford,The Turls Green,BD1 1HY,No,,"53.7923130,-1.7532770"
Braintree,The Picture Palace,CM7 3HA,No,,"51.8769720,0.5538270"
Bramley,The Old Unicorn,LS13 3NA,No,,"53.8108630,-1.6274390"
Brentwood,The Dairyman,CM14 4AB,No,,"51.6206880,0.3047120"
Bridgend,The Wyndham Arms,CF31 1JE,No,,"51.5066390,-3.5792700"
Bridgnorth,Jewel of the Severn,WV16 4DS,No,,"52.5367880,-2.4200320"
Bridgwater,The Carnival Inn,TA6 3LY,No,,"51.1275800,-3.0036750"
Bridlington,The Prior John,YO15 2QD,No,,"54.0834910,-0.1878780"
Bridport,The Greyhound,DT6 3LF,No,,"50.7332090,-2.7571080"
Brierley Hill,Abraham Darby,DY5 1QX,No,,"52.4820590,-2.1104950"
Brierley Hill,The Waterfront Inn,DY5 1XE,No,,"52.4857140,-2.1144070"
Brigg,The White Horse,DN20 8JR,No,,"53.5524910,-0.4885560"
Brighouse,The Richard Oastler,HD6 1JN,No,,"53.7013250,-1.7802100"
Brighton,The Bright Helm,BN1 2RE,No,,"50.8228200,-0.1443660"
Brighton,The Post & Telegraph,BN1 1EA,No,,"50.8226610,-0.1394590"
Brighton,The West Quay,BN2 5UT,No,,"50.8119660,-0.1053190"
Bristol,St Georges Hall,BS5 9HL,No,,"51.4594770,-2.5545450"
Bristol,The Commercial Rooms,BS1 1HT,No,,"51.4544250,-2.5946950"
Bristol,The Kingswood Colliers,BS15 8HP,No,,"51.4623000,-2.5069620"
Bristol,The Knights Templar,BS1 6DG,No,,"51.4507210,-2.5820690"
Bristol,The Robert Fitzharding,BS3 1BN,No,,"51.4413010,-2.6010420"
Bristol,The Staple Hill Oak,BS16 5HN,No,,"51.4811150,-2.5101230"
Bristol,The Van Dyck Forum,BS16 3UA,No,,"51.4796510,-2.5300800"
Bristol,V-Shed,BS1 5UH,No,,"51.4506830,-2.5984600"
Brixham,The Vigilance,TQ5 9DE,No,,"50.3937450,-3.5157330"
Brixton,The Beehive,SW9 7DG,No,,"51.4637570,-0.1142800"
Broadstone,The Blackwater Stream,BH18 8DP,No,,"50.7601730,-1.9941070"
Brockley,The Brockley Barge,SE4 2RR,No,,"51.4640630,-0.0364960"
Bromsgrove,Golden Cross Hotel,B61 8HH,No,,"52.3338400,-2.0615780"
Broughty Ferry,Jolly's Hotel,DD5 2BJ,No,,"56.4658960,-2.8739020"
Bulwell,The William Peverel,NG6 8EZ,No,,"53.0019880,-1.1965010"
Burgess Hill,The Six Gold Martlets,RH15 9AE,No,,"50.9551890,-0.1294730"
Burnham-on-Sea,The Reeds Arms,TA8 1BT,No,,"51.2342750,-2.9981460"
Burnley,The Boot Inn,BB11 1NG,No,,"53.7889990,-2.2404060"
Burnley,The Brun Lea,BB11 1HG,No,,"53.7881560,-2.2438920"
Burton upon Trent,The Lord Burton,DE14 1JE,No,,"52.8027360,-1.6295660"
Bury,The Art Picture House,BL9 0AY,No,,"53.5920740,-2.2979350"
Bury,The Robert Peel,BL9 0LD,No,,"53.5937900,-2.2982340"
Bury St Edmunds,The Corn Exchange,IP33 1UL,No,,"52.2447940,0.7130080"
Buxton,The Wye Bridge House,SK17 7DJ,No,,"53.2595280,-1.9058650"
Byker,The High Main,NE6 1DL,No,,"54.9769510,-1.5831240"
Caernarfon,Tafarn Y Porth,LL55 1AG,No,,"53.1407060,-4.2748010"
Caerphilly,The Malcolm Uphill,CF83 1FQ,No,,"51.5721530,-3.2200270"
Camberley,The Claude du Vall,GU15 3RB,No,,"51.3379330,-0.7439980"
Camborne,The John Francis Basset,TR14 8JZ,No,,"50.2132660,-5.3009850"
Cambridge,The Regal,CB2 3AR,No,,"52.2027800,0.1234590"
Cambuslang,The John Fairweather,G72 7EP,No,,"55.8186550,-4.1662190"
Camden,The Ice Wharf,NW1 7BY,No,,"51.5401830,-0.1474480"
Cannock,The Linford Arms,WS11 1BN,No,,"52.6892670,-2.0319130"
Canterbury,The Thomas Ingoldsby,CT1 2HG,No,,"51.2785580,1.0834260"
Canterbury,The West Gate Inn,CT2 7EB,No,,"51.2824180,1.0761980"
Cardiff,The Aneurin Bevan,CF14 4AD,No,,"51.5091200,-3.1999700"
Cardiff,The Ivor Davies,CF11 9AN,No,,"51.4813130,-3.2003480"
Cardiff,The Mount Stuart,CF10 5BU,No,,"51.4626370,-3.1664900"
Carlisle,The William Rufus,CA1 1QS,No,,"54.8909320,-2.9316550"
Carlisle,Woodrow Wilson,CA1 1QS,No,,"54.8909320,-2.9316551"
Carmarthen,Yr Hen Dderwen,SA31 1BH,No,,"51.8569820,-4.3046800"
Carrickfergus,The Central Bar,BT38 7AN,No,,"54.7154240,-5.8062860"
Castleford,The Glass Blower,WF10 1JD,No,,"53.7268680,-1.3540940"
Castleford,The Winter Seam,WF10 4TA,No,,"53.7101060,-1.3413330"
Catford,The London & Rye,SE6 4AF,No,,"51.4475130,-0.0175910"
Caversham,The Baron Cadogan,RG4 8JG,No,,"51.4679740,-0.9728660"
Chadwell Heath,The Eva Hart,RM6 4AH,No,,"51.5705190,0.1299690"
Chancery Lane,The Knights Templar,WC2A 1DT,No,,"51.5154560,-0.1120590"
Chard,The Cerdic,TA20 1QA,No,,"50.8730330,-2.9615000"
Cheadle,The Wheatsheaf,ST10 1AR,No,,"52.9871080,-1.9891150"
Cheadle Hulme,The Kings Hall,SK8 5AF,No,,"53.3769330,-2.1891790"
Chelmsford,The Ivory Peg,CM2 0SW,No,,"51.7327870,0.4730550"
Chelmsford,The Thomas Mildmay,CM2 6QR,No,,"51.7328100,0.4753880"
Cheltenham,The Bank House,GL50 3JL,No,,"51.9011630,-2.0756030"
Cheltenham,The Moon Under Water,GL53 7HA,No,,"51.8978380,-2.0718770"
Chepstow,The Bell Hanger,NP16 5EW,No,,"51.6425860,-2.6736600"
Cheshunt,The King James,EN8 8LF,No,,"51.7010550,-0.0339810"
Chester,The Forest House,CH1 1QY,No,,"53.1905420,-2.8848410"
Chester,The Square Bottle,CH1 1HB,No,,"53.1915600,-2.8833650"
Chester-le-Street,The Wicket Gate,DH3 3AX,No,,"54.8526360,-1.5734880"
Chesterfield,Spa Lane Vaults,S41 7TH,No,,"53.2347860,-1.4241770"
Chesterfield,The Pillar of Rock,S44 6PP,No,,"53.2293930,-1.2936530"
Chesterfield,The Portland Hotel,S40 1AY,No,,"53.2351700,-1.4310340"
Chichester,The Dolphin & Anchor,PO19 1QD,No,,"50.8367300,-0.7793830"
Chichester,The Gatehouse,PO19 8EL,No,,"50.8300180,-0.7850820"
Chingford,The King's Ford,E4 8JL,No,,"51.6159900,-0.0170760"
Chippenham,The Bridge House,SN15 3WL,No,,"51.4583940,-2.1169380"
Chorley,The Sir Henry Tate,PR7 1DB,No,,"53.6536560,-2.6305790"
Chorlton-cum-Hardy,The Sedge Lynn,M21 9PN,No,,"53.4442690,-2.2790580"
City of London,Hamilton Hall,EC2M 7PY,No,,"51.5190590,-0.0813810"
City of London,The Crosse Keys,EC3V 0DR,No,,"51.5127340,-0.0850190"
City of London,The Green Man,EC2R 8EJ,No,,"51.5132510,-0.0908630"
City of London,The Sir John Hawkshaw,EC4N 6AP,No,,"51.5113620,-0.0902510"
Clacton-on-Sea,Moon and Starfish,CO15 1PU,No,,"51.7878150,1.1543560"
Cleckheaton,The Obediah Brooke,BD19 3JH,No,,"53.7245870,-1.7125570"
Cleethorpes,The Coliseum Picture Theatre,DN35 8JN,No,,"53.5608620,-0.0308850"
Cleveleys,The Jolly Tars,FY5 3NE,No,,"53.8762710,-3.0372950"
Clifton,The W. G. Grace,BS8 2NT,No,,"51.4632640,-2.6087580"
Co. Dublin,The Three Tun Tavern,Co. Dublin,No,,"53.3824770,-6.3133670"
Coalville,The Monkey Walk,LE67 3WD,No,,"52.7231700,-1.3747030"
Coatbridge,The Vulcan,ML5 3HH,No,,"55.8613650,-4.0219300"
Colchester,The Playhouse,CO2 7AA,No,,"51.8874760,0.8965300"
Coleraine,The Old Courthouse,BT51 3HP,No,,"55.1338110,-6.6815170"
Colindale,The Moon Under Water,NW9 6RR,No,,"51.5873530,-0.2508930"
Collier Row,The Colley Row Inn,RM5 3PA,No,,"51.5990160,0.1609910"
Colne,The Wallace Hartley,BB8 0EB,No,,"53.8566900,-2.1702980"
Colwyn Bay,The Picture House,LL29 8LA,No,,"53.2966220,-3.7276030"
Congleton,The Counting House,CW12 1AH,No,,"53.1635490,-2.2148910"
Consett,The Company Row,DH8 5BQ,No,,"54.8525140,-1.8325360"
Corby,The Samuel Lloyd,NN17 1AD,No,,"52.4953090,-0.6863020"
Corby,The Saxon Crown,NN17 1PF,No,,"52.4874560,-0.6997460"
Cork,The Linen Weaver,Cork,No,,"51.8968920,-8.4863160"
Cosham,The First Post,PO6 3AG,No,,"50.8442720,-1.0676230"
Coventry,The City Arms,CV5 6EP,No,,"52.3989450,-1.5319250"
Coventry,The Flying Standard,CV1 1FL,No,,"52.4094610,-1.5092340"
Coventry,The Spon Gate,CV1 3AZ,No,,"52.4078270,-1.5186010"
Cradley Heath,The Moon Under Water,B64 5HJ,No,,"52.4718870,-2.0830000"
Cramlington,John The Clerk of Cramlington,NE23 1DN,No,,"55.0866290,-1.5837390"
Crawley,The Jubilee Oak,RH10 1BU,No,,"51.1153390,-0.1905650"
Crediton,The General Sir Redvers Buller,EX17 3JP,No,,"50.7906010,-3.6608820"
Crewe,The Gaffers Row,CW1 2JE,No,,"53.0987450,-2.4434100"
Cricklewood,The Beaten Docket,NW2 3ET,No,,"51.5535770,-0.2114400"
Crouch End,The Devonshire House,N8 9SN,No,,"51.5782280,-0.1235450"
Crowborough,The Crowborough Cross,TN6 1AF,No,,"51.0601320,0.1603890"
Croydon,The George,CR0 1LA,No,,"51.3741190,-0.0987260"
Croydon,The Milan Bar,CR0 1YA,No,,"51.3734670,-0.1006930"
Croydon,The Skylark,CR0 1DP,No,,"51.3657380,-0.0992740"
Crystal Palace,The Postal Order,SE19 3RW,No,,"51.4178010,-0.0818990"
Cumbernauld,The Carrick Stone,G67 1NG,No,,"55.9482140,-3.9888660"
Cwmbran,The John Fielding,NP44 1PP,No,,"51.6549680,-3.0211690"
Dagenham,The Lord Denman,RM10 8QS,No,,"51.5418420,0.1481420"
Dalkeith,The Blacksmith's Forge,EH22 1DU,No,,"55.8927610,-3.0689070"
Darlington,The Tanners Hall,DL3 7LL,No,,"54.5252280,-1.5572670"
Darlington,The William Stead,DL1 1LU,No,,"54.5267860,-1.5530940"
Dartford,The Flying Boat,DA1 2DT,No,,"51.4448450,0.2138440"
Dartford,The Paper Moon,DA1 1DS,No,,"51.4438760,0.2194530"
Darwen,The Old Chapel,BB3 2RG,No,,"53.6962610,-2.4657230"
Daventry,The Saracens Head Inn,NN11 4GG,No,,"52.2579730,-1.1645050"
Deal,Sir Norman Wisdom,CT14 6ET,No,,"51.2229100,1.4018600"
Denmark Hill,The Fox on the Hill,SE5 8EH,No,,"51.4648290,-0.0899050"
Derby,The Babington Arms,DE1 1TA,No,,"52.9190130,-1.4762480"
Derby,The Standing Order,DE1 3GL,No,,"52.9241630,-1.4781650"
Derby,The Thomas Leaper,DE1 3GL,No,,"52.9241630,-1.4781651"
Dereham,The Romany Rye,NR19 1DL,No,,"52.6811540,0.9393510"
Derry,The Diamond,BT48 6HP,No,,"54.9948650,-7.3226580"
Derry,The Ice Wharf,BT48 7AB,No,,"54.9990040,-7.3219060"
Devizes,The Silk Mercer,SN10 1BL,No,,"51.3518750,-1.9957150"
Dewsbury,The Time Piece,WF13 1DS,No,,"53.6924250,-1.6296060"
Didsbury,The Milson Rhodes,M20 6RD,No,,"53.4176400,-2.2309620"
Docklands,The Ledger Building,E14 4AL,No,,"51.5076450,-0.0238440"
Doncaster,The Gate House,DN1 1TS,No,,"53.5225040,-1.1344530"
Doncaster,The Old Angel,DN1 3EF,No,,"53.5223770,-1.1330380"
Doncaster,The Red Lion,DN1 1NH,No,,"53.5238290,-1.1324200"
Doncaster,The Running Horse,DN9 3GA,No,,"53.4881720,-1.0121080"
Dorchester,The Royal Oak,DT1 1UW,No,,"50.7151200,-2.4388690"
Dover,The Eight Bells,CT16 1BZ,No,,"51.1256370,1.3125650"
Driffield,The Benjamin Fawcett,YO25 6SW,No,,"54.0072880,-0.4408430"
Dudley,The Full Moon,DY1 1PY,No,,"52.5089780,-2.0853830"
Dumbarton,The Captain James Lang,G82 1PH,No,,"55.9523370,-4.5489290"
Dumfries,The Robert the Bruce,DG1 1DJ,No,,"55.0698010,-3.6126970"
Dun Laoghaire,The Forty Foot,Dun Laoghaire,No,,"53.2943960,-6.1338670"
Dundee,The Capitol,DD1 2EG,No,,"56.4615430,-2.9676980"
Dundee,The Counting House,DD1 1SP,No,,"56.4618920,-2.9714240"
Dunfermline,The Guildhall & Linen Exchange,KY12 7DR,No,,"56.0712350,-3.4600970"
Dunstable,The Gary Cooper,LU5 4GP,No,,"51.8901160,-0.5216930"
Durham,The Bishops' Mill,DH1 1WA,No,,"54.7779890,-1.5745990"
Durham,The Horse shoe Inn,DL15 9BG,No,,"54.7148220,-1.7442680"
Durham,The Water House,DH1 4SQ,No,,"54.7771740,-1.5806710"
Ealing,The Sir Michael Balcon,W5 3TJ,No,,"51.5133230,-0.2982050"
East Grinstead,The Ounce & Ivy Bush,RH19 3DJ,No,,"51.1266220,-0.0088670"
East Ham,The Miller's Well,E6 2JX,No,,"51.5335330,0.0568110"
Eastbourne,Cornfield Garage,BN21 4QD,No,,"50.7674910,0.2847290"
Eastbourne,The London and County,BN21 3LX,No,,"50.7685980,0.2824290"
Eastleigh,The Wagon Works,SO50 9FJ,No,,"50.9700710,-1.3508710"
Eastwood,The Lady Chatterley,NG16 3AL,No,,"53.0179340,-1.3047720"
Ebbw Vale,The Picture House,NP23 6HP,No,,"51.7805820,-3.2075510"
Eccles,The Eccles Cross,M30 0BP,No,,"53.4834630,-2.3334290"
Edinburgh,The Sir Walter Scott,EH12 9DN,No,,"55.9483780,-3.3631650"
Edinburgh,The Turnhouse,EH12 9DN,No,,"55.9483780,-3.3631651"
Elephant & Castle,The Rockingham Arms,SE1 6BN,No,,"51.4957510,-0.0996620"
Elgin,The Muckle Cross,IV30 1BU,No,,"57.6487850,-3.3128320"
Ellesmere Port,The Thomas Telford,CH65 8AB,No,,"53.2797130,-2.8993550"
Ellesmere Port,The Wheatsheaf,CH66 3LN,No,,"53.2823900,-2.9231250"
Eltham,The Banker's Draft,SE9 1BW,No,,"51.4504130,0.0532160"
Enfield,The Moon Under Water,EN2 6NN,No,,"51.6591540,-0.0875710"
Enfield,The Picture Palace,EN3 4AQ,No,,"51.6433870,-0.0485310"
Enniskillen,The Linen Hall,BT74 7BD,No,,"54.3430680,-7.6399490"
Epsom,The Assembly Rooms,KT19 8EH,No,,"51.3327380,-0.2695290"
Evesham,The Old Swanne Inne,WR11 4HG,No,,"52.0939630,-1.9463410"
Exeter,George's Meeting House,EX1 1ED,No,,"50.7207330,-3.5300710"
Exeter,The Chevalier Inn,EX4 3HR,No,,"50.7222010,-3.5326690"
Exeter,The Imperial,EX4 4AH,No,,"50.7303000,-3.5397630"
Exeter,The Sawyer's Arms,EX4 1JD,No,,"50.7153100,-3.5443710"
Exmouth,The Powder Monkey,EX8 1RJ,No,,"50.6203010,-3.4136030"
Fakenham,The Limes,NR21 9AZ,No,,"52.8281910,0.8484050"
Falkirk,The Carron Works,FK1 1NB,No,,"56.0000560,-3.7834370"
Falmouth,The Packet Station,TR11 3QA,No,,"50.1550070,-5.0730060"
Fareham,The Crown Inn,PO16 0JW,No,,"50.8521760,-1.1763400"
Fareham,The Lord Arthur Lee,PO16 0EP,No,,"50.8523730,-1.1813510"
Farnborough,The Tilly Shilling,GU14 7PG,No,,"51.2932840,-0.7572780"
Faversham,The Leading Light,ME13 8NZ,No,,"51.3137630,0.8913890"
Feltham,The Moon on the Square,TW13 4AU,No,,"51.4465900,-0.4109770"
Ferndown,The Nightjar,BH22 9JA,No,,"50.8033850,-1.8903380"
Finsbury Park,The White Lion of Mortimer,N4 3PX,No,,"51.5689120,-0.1117790"
Fleet,The Prince Arthur,GU51 4BX,No,,"51.2787670,-0.8456310"
Fleetwood,The Thomas Drummond,FY7 6JE,No,,"53.9218090,-3.0115480"
Folkestone,The Samuel Peto,CT20 1EY,No,,"51.0804060,1.1812940"
Forest Gate,The Hudson Bay,E7 9PA,No,,"51.5449990,0.0262910"
Forest Hill,The Capitol,SE23 3TW,No,,"51.4388600,-0.0544700"
Fort William,The Great Glen,PH33 6AD,No,,"56.8169110,-5.1126030"
Fraserburgh,The Saltoun Inn,AB43 9DA,No,,"57.6940980,-2.0047170"
Fulham,Oyster Rooms,SW6 1AA,No,,"51.4800800,-0.1966600"
Gainsborough,The Sweyn Forkbeard,DN21 2DP,No,,"53.3989270,-0.7767520"
Galashiels,Hunters Hall,TD1 1SE,No,,"55.6178860,-2.8104950"
Gateshead,The Tilley Stone,NE8 1EE,No,,"54.9615120,-1.6019150"
Gateshead,Wetherspoons,NE11 9YP,No,,"54.9576410,-1.6685550"
Gatwick Airport,The Beehive,RH6 0RN,No,,"51.1607770,-0.1903180"
Gatwick Airport,The Flying Horse,RH6 0NN,No,,"51.1559900,-0.1630490"
Gatwick Airport,The Red Lion,RH6 0PJ,No,,"51.1611190,-0.1775910"
Glasgow,Camperdown Place,G2 1DR,No,,"55.8619730,-4.2518110"
Glasgow,Sir John Stirling Maxwell,G41 3NN,No,,"55.8284770,-4.2839970"
Glasgow,The Counting House,G1 2DH,No,,"55.8608160,-4.2522230"
Glasgow,The Crystal Palace,G1 4QD,No,,"55.8579740,-4.2577000"
Glasgow,The Edward G. Wylie,G2 6TS,No,,"55.8610240,-4.2614560"
Glasgow,The Esquire House,G12 0AU,No,,"55.8883620,-4.3218500"
Glasgow,The Hengler's Circus,G2 3HU,No,,"55.8656890,-4.2672730"
Glasgow,The Kirky Puffer,G66 1NG,No,,"55.9379110,-4.1541870"
Glasgow,The Lord of the Isles,PA4 8XQ,No,,"55.8789960,-4.3713820"
Glasgow,The Sir John Moore,G2 8QW,No,,"55.8588910,-4.2601180"
Glasgow,The Society Room,G2 2JJ,No,,"55.8622370,-4.2575320"
Glenrothes,The Golden Acorn,KY7 5NA,No,,"56.1964840,-3.1676890"
Glossop,The Smithy Fold,SK13 8HT,No,,"53.4420140,-1.9494080"
Gloucester,The Lord High Constable of England,GL1 2EH,No,,"51.8619220,-2.2528010"
Gloucester,The Regal,GL1 1RP,No,,"51.8662740,-2.2439520"
Gloucester,The Water Poet,GL1 1PN,No,,"51.8636710,-2.2419630"
Godalming,The Jack Phillips,GU7 1DY,No,,"51.1859460,-0.6119700"
Goole,City and County,DN14 5DR,No,,"53.7037170,-0.8703670"
Gosport,The Star,PO12 1DF,No,,"50.7954700,-1.1210930"
Grangemouth,The Earl of Zetland,FK3 8AF,No,,"56.0191980,-3.7220680"
Grantham,The Tollemache Inn,NG31 6PY,No,,"52.9105050,-0.6399300"
Gravesend,The Robert Pocock,DA12 1AH,No,,"51.4417290,0.3691090"
Great Malvern,The Foley Arms Hotel,WR14 4QS,No,,"52.1123380,-2.3300920"
Great Yarmouth,The Troll Cart,NR30 2AF,No,,"52.6075790,1.7306180"
Greenock,The James Watt,PA15 1DD,No,,"55.9467900,-4.7528330"
Greenwich,The Gate Clock,SE10 9RB,No,,"51.4816850,-0.0122210"
Grimsby,Ice Barque,DN31 1XZ,No,,"53.5653360,-0.0888760"
Grimsby,The Yarborough Hotel,DN31 1JN,No,,"53.5638110,-0.0879930"
Guildford,The Rodboro Buildings,GU1 4SB,No,,"51.2365440,-0.5780310"
Hackney,Baxter's Court,E8 1HE,No,,"51.5443990,-0.0551490"
Hailsham,The George Hotel,BN27 1AD,No,,"50.8619370,0.2593160"
Halesowen,The William Shenstone,B63 4AB,No,,"52.4495470,-2.0515580"
Halifax,The Barum Top Inn,HX1 1NX,No,,"53.7227550,-1.8596610"
Halifax,The Percy Shaw,HX1 1YA,No,,"53.7239180,-1.8623090"
Hanham,The Jolly Sailor,BS15 3DQ,No,,"51.4492820,-2.5170500"
Hanley,The Reginald Mitchell,ST1 1NQ,No,,"53.0253990,-2.1749330"
Harlow,The William Aylmer,CM20 1DG,No,,"51.7711750,0.0917020"
Harringay,The Toll Gate,N8 0PS,No,,"51.5898770,-0.1059000"
Harrogate,The Winter Gardens,HG1 2RR,No,,"53.9942620,-1.5445210"
Harrow,The Moon on the Hill,HA1 2AW,No,,"51.5794660,-0.3343000"
Harrow,The New Moon,HA3 8DN,No,,"51.5874170,-0.3036660"
Hartlepool,The King Johns Tavern,TS26 9HD,No,,"54.6846020,-1.2177820"
Hartlepool,The Ward Jackson,TS24 7EU,No,,"54.6852040,-1.2094710"
Haslemere,The Swan Inn,GU27 2HG,No,,"51.0878780,-0.7097740"
Hastings,The John Logie Baird,TN34 1BE,No,,"50.8565400,0.5786140"
Hatch End,The Moon and Sixpence,HA5 4HS,No,,"51.6083730,-0.3732020"
Hatfield,Harpsfield Hall,AL10 9RQ,No,,"51.7635990,-0.2412350"
Havant,The Parchment Makers,PO9 1HE,No,,"50.8532930,-0.9848040"
Haverfordwest,The William Owen,SA61 1BG,No,,"51.8014940,-4.9678030"
Haverhill,The Drabbet Smock,CB9 8BB,No,,"52.0829390,0.4386420"
Hawick,The Bourtree,TD9 9HL,No,,"55.4255240,-2.7836070"
Hayes,The Botwell Inn,UB3 3EB,No,,"51.5083610,-0.4165240"
Hazel Grove,The Wilfred Wood,SK7 4DQ,No,,"53.3798340,-2.1219360"
Heanor,The Red Lion,DE75 7QG,No,,"53.0137950,-1.3584830"
Heathrow,The Crown Rivers,TW6 2GA,No,,"51.4713010,-0.4878260"
Heathrow,Wetherspoon Express,TW6 2GA,No,,"51.4713010,-0.4878261"
Heathrow Airport,The Flying Chariot,TW6 1EW,No,,"51.4697080,-0.4518420"
Hednesford,Hedgeford Lodge,WS12 1DL,No,,"52.7091570,-2.0004610"
Helensburgh,The Henry Bell,G84 8AS,No,,"56.0039690,-4.7377780"
Helston,The Coinage Hall,TR13 8ER,No,,"50.1009720,-5.2757000"
Hemel Hempstead,The Full House,HP1 1EZ,No,,"51.7531230,-0.4727680"
Henley-on-Thames,The Catherine Wheel,RG9 2AR,No,,"51.5378290,-0.9030800"
Hereford,The Kings Fee,HR1 2BJ,No,,"52.0586620,-2.7095560"
Herne Bay,The Saxon Shore,CT6 5JQ,No,,"51.3727210,1.1262110"
Hertford,The Six Templars,SG14 1PS,No,,"51.7960050,-0.0791180"
Hexham,The Forum,NE46 3PB,No,,"54.9718620,-2.1013050"
Heywood,The Edwin Waugh,OL10 4LY,No,,"53.5938290,-2.2225100"
High Wycombe,The Falcon,HP11 2AX,No,,"51.6291870,-0.7511860"
High Wycombe,The William Robert Loosley,HP11 2DN,No,,"51.6315560,-0.7549060"
Highgate,The Gatehouse,N6 4BD,No,,"51.5719630,-0.1503550"
Hinckley,The Baron of Hinckley,LE10 0AZ,No,,"52.5408800,-1.3743460"
Hitchin,The Angel Vaults Inn,SG5 1AE,No,,"51.9465070,-0.2785690"
Hoddesdon,The Star,EN11 8TN,No,,"51.7615460,-0.0120230"
Holloway,The Coronet,N7 6NJ,No,,"51.5549040,-0.1147240"
Holywell,The Market Cross,CH8 7LA,No,,"53.2743740,-3.2225500"
Honiton,The Star Inn,EX14 1BS,No,,"50.7982380,-3.1881080"
Horley,The Jack Fairman,RH6 7PZ,No,,"51.1712080,-0.1625870"
Hornchurch,J.J. Moon's,RM12 4UN,No,,"51.5628430,0.2152140"
Horsham,The Lynd Cross,RH12 1QR,No,,"51.0638340,-0.3324940"
Houghton Le Spring,The Wild Boar,DH4 4BN,No,,"54.8432630,-1.4686950"
Hounslow,The Moon Under Water,TW3 3LF,No,,"51.4669890,-0.3693380"
Hove,The Cliftonville Inn,BN3 3YE,No,,"50.8294090,-0.1738390"
Hoylake,Hoylake Lights,CH47 3BB,No,,"53.3928960,-3.1761680"
Hucknall,The Pilgrim Oak,NG15 7AX,No,,"53.0384440,-1.2037430"
Huddersfield,The Cherry Tree,HD1 1BA,No,,"53.6472110,-1.7823070"
Huddersfield,The Lord Wilson,HD1 2PZ,No,,"53.6459140,-1.7807550"
Hyde,The Cotton Bale,SK14 2LX,No,,"53.4516800,-2.0783680"
Ilford,The Great Spoon of Ilford,IG1 4LZ,No,,"51.5622400,0.0684220"
Ilfracombe,The Admiral Collingwood,EX34 9AP,No,,"51.1811840,-4.0953570"
Ilkeston,The Observatory,DE7 5QA,No,,"52.9713840,-1.3088990"
Ilkley,The Lister Arms,LS29 9LB,No,,"53.9255950,-1.8256180"
Inverness,The King's Highway,IV1 1EN,No,,"57.4797780,-4.2274920"
Inverurie,The Gordon Highlander,AB51 3QQ,No,,"57.2845620,-2.3784690"
Ipswich,The Cricketers,IP1 3JA,No,,"52.0596710,1.1546350"
Ipswich,The Robert Ransome,IP1 3BE,No,,"52.0589550,1.1551830"
Ipswich,Wetherspoons,IP1 1DB,No,,"52.0578140,1.1521120"
Irvine,The Auld Brig,KA12 8EH,No,,"55.6129040,-4.6714250"
Islington,The White Swan,N1 1RY,No,,"51.5457390,-0.1034790"
Keighley,The Livery Rooms,BD21 3AA,No,,"53.8688490,-1.9100110"
Kendal,The Miles Thompson,LA9 4JH,No,,"54.3268980,-2.7487020"
Keswick,The Chief Justice of the Common Pleas,CA12 5JY,No,,"54.6020700,-3.1381150"
Kettering,The Earl of Dalkeith,NN16 0BS,No,,"52.3993930,-0.7261480"
Kidderminster,The Penny Black,DY10 2AZ,No,,"52.3882980,-2.2489530"
Kilmarnock,The Wheatsheaf Inn,KA1 1JG,No,,"55.6110550,-4.4973780"
King's Lynn,Globe Hotel,PE30 1EZ,No,,"52.7557560,0.3937220"
King's Lynn,The Lattice House,PE30 1EG,No,,"52.7557010,0.3968610"
Kingsbury,J.J. Moon's,NW9 9EL,No,,"51.5845880,-0.2804020"
Kingston Upon Hull,The Admiral of the Humber,HU1 2NT,No,,"53.7430970,-0.3433790"
Kingston Upon Hull,The Three John Scotts,HU1 1XW,No,,"53.7435240,-0.3330430"
Kingston Upon Hull,The William Wilberforce,HU1 2JD,No,,"53.7424640,-0.3349950"
Kingston Upon Hull,The Zachariah Pearson,HU5 1LH,No,,"53.7624510,-0.3502550"
Kingston upon Thames,The Kings Tun,KT1 1QT,No,,"51.4115860,-0.3008930"
Kirkby,The Gold Balance,L32 8RR,No,,"53.4813560,-2.8868740"
Kirkby in Ashfield,The Regent,NG17 7BQ,No,,"53.0993920,-1.2438990"
Kirkcaldy,The Robert Nairn,KY1 1EH,No,,"56.1118070,-3.1582560"
Knaresborough,The Crown Inn,HG5 0HB,No,,"54.0087690,-1.4679020"
Lanark,The Clydesdale Inn,ML11 9ET,No,,"55.6738950,-3.7812700"
Lancaster,The Green Ayre,LA1 1LU,No,,"54.0497430,-2.7995650"
Lancaster,The Sir Richard Owen,LA1 1RQ,No,,"54.0468890,-2.8003200"
Leatherhead,The Edmund Tylney,KT22 8AW,No,,"51.2951560,-0.3275550"
Lee Green,The Edmund Halley,SE12 8RG,No,,"51.4556100,0.0117790"
Leeds,Beckett's Bank,LS1 5HU,No,,"53.7984690,-1.5466890"
Leeds,Stick or Twist,LS2 8PD,No,,"53.8026700,-1.5428020"
Leeds,The Clothiers Arms,LS19 7PP,No,,"53.8660760,-1.6841100"
Leeds,The Cuthbert Brodrick,LS2 3AD,No,,"53.8009640,-1.5480590"
Leeds,The Hedley Verity,LS1 3HQ,No,,"53.8036460,-1.5491390"
Leeds,The Three Hulats,LS7 3NB,No,,"53.8251080,-1.5344610"
Leeds,Wetherspoons,LS1 4DT,No,,"53.7941670,-1.5475860"
Leek,The Green Dragon,ST13 5DS,No,,"53.1060400,-2.0269950"
Leicester,The Corn Exchange,LE1 5GG,No,,"52.6341420,-1.1342790"
Leicester,The High Cross,LE1 4JB,No,,"52.6356170,-1.1380920"
Leicester,The Last Plantagenet,LE1 6FD,No,,"52.6325890,-1.1285030"
Leicester,The White House,LE7 9SE,No,,"52.6435210,-1.0490230"
Leigh,The Thomas Burke,WN7 1QR,No,,"53.4998270,-2.5187410"
Leigh-on-Sea,The Elms,SS9 3ND,No,,"51.5476250,0.6573680"
Leighton Buzzard,The Swan Hotel,LU7 1EA,No,,"51.9158430,-0.6632660"
Leominster,The Duke's Head,HR6 8LR,No,,"52.2272160,-2.7377450"
Letchworth,The Three Magnets,SG6 3EW,No,,"51.9791820,-0.2263970"
Lewisham,The Watch House,SE13 6JP,No,,"51.4598300,-0.0120910"
Leyland,The Leyland Lion,PR25 2SA,No,,"53.6956090,-2.6932870"
Leyton,The Drum,E10 7EQ,No,,"51.5751330,-0.0136590"
Leytonstone,The Walnut Tree,E11 1HH,No,,"51.5694970,0.0120980"
Lichfield,The Acorn Inn,WS13 6JJ,No,,"52.6837320,-1.8254200"
Lichfield,The Gatehouse,WS13 6PW,No,,"52.6826690,-1.8302910"
Lincoln,Ritz,LN5 7PJ,No,,"53.2238650,-0.5436070"
Lincoln,The Forum,LN2 1DY,No,,"53.2294420,-0.5394330"
Lincoln,The Square Sail,LN1 1YW,No,,"53.2297910,-0.5467170"
Lisburn,The Tuesday Bell,BT28 1TS,No,,"54.5094110,-6.0467540"
Littlehampton,The George Inn,BN17 5BG,No,,"50.8092440,-0.5438220"
Liverpool,Childwall Fiveways Hotel,L15 6XS,No,,"53.3967800,-2.8964680"
Liverpool,The Barker's Brewery,L36 9UJ,No,,"53.4116820,-2.8398390"
Liverpool,The Fall Well,L1 1LS,No,,"53.4066130,-2.9801020"
Liverpool,The Lime Kiln,L1 4NR,No,,"53.4034720,-2.9805560"
Liverpool,The Raven,L9 2BU,No,,"53.4630070,-2.9593790"
Liverpool,The Richard John Blackler,L1 1HU,No,,"53.4059080,-2.9795140"
Liverpool,The Thomas Frost,L4 4AJ,No,,"53.4367070,-2.9725300"
Liverpool,The Welkin,L1 6DS,No,,"53.4059000,-2.9858770"
Liverpool,Wetherspoon Express,L24 1YD,No,,"53.3373090,-2.8549270"
Liverpool Station,The North Western,L1 1RJ,No,,"53.4072590,-2.9770030"
Livingston,The Almond Bank,EH54 6HP,No,,"55.8802770,-3.5195650"
Livingston,The NewYearField,EH54 6QX,No,,"55.8827320,-3.5194050"
Llandudno,The Palladium,LL30 2DD,No,,"53.3249370,-3.8326090"
Llanelli,The York Palace,SA15 3YA,No,,"51.6808810,-4.1631850"
Long Eaton,The Twitchel Inn,NG10 1ED,No,,"52.8963550,-1.2678160"
Loughborough,The Amber Rooms,LE11 5BE,No,,"52.7732900,-1.2094330"
Loughborough,The Moon & Bell,LE11 3HA,No,,"52.7690720,-1.2078200"
Loughton,The Last Post,IG10 1BB,No,,"51.6468970,0.0551440"
Louth,The Joseph Morton,LN11 9EZ,No,,"53.3652850,-0.0043850"
Lowestoft,The Joseph Conrad,NR32 1BA,No,,"52.4738850,1.7500730"
Luton,The London Hatter,LU1 3ET,No,,"51.8773470,-0.4119050"
Luton,The White House,LU1 1SA,No,,"51.8814780,-0.4188640"
Lymington,The Six Bells,SO41 9ND,No,,"50.7574570,-1.5461280"
Lytham,The Railway Hotel,FY8 5DH,No,,"53.7379100,-2.9566100"
Macclesfield,The Society Rooms,SK11 7NA,No,,"53.2566510,-2.1235930"
Maesteg,The Sawyer's Arms,CF34 9DF,No,,"51.6082160,-3.6593340"
Maghull,The Frank Hornby,L31 6BR,No,,"53.5156230,-2.9383530"
Maidenhead,The Bear,SL6 1QJ,No,,"51.5232990,-0.7178320"
Maidenhead,The Greyhound,SL6 1HT,No,,"51.5202520,-0.7212470"
Maidstone,The Muggleton Inn,ME14 1HJ,No,,"51.2738530,0.5225540"
Maidstone,The Society Rooms,ME14 1RF,No,,"51.2772530,0.5217080"
Maldon,Rose & Crown,CM9 5EP,No,,"51.7312540,0.6802950"
Maltby,The Queens Hotel,S66 7NQ,No,,"53.4235970,-1.1955730"
Manchester,Castle in the Air,M17 8DD,No,,"53.4686370,-2.3655950"
Manchester,Ford Madox Brown,M14 5FT,No,,"53.4578900,-2.2264370"
Manchester,The Gateway,M20 5PG,No,,"53.4079880,-2.2204400"
Manchester,The Great Central,M14 6NL,No,,"53.4415090,-2.2191990"
Manchester,The Moon Under Water,M3 2FN,No,,"53.4828920,-2.2470040"
Manchester,The Seven Stars,M4 2BS,No,,"53.4851780,-2.2407480"
Mansfield,The Court House,NG18 1HX,No,,"53.1440770,-1.1970670"
Mansfield,The Stag and Pheasant,NG18 1NU,No,,"53.1454230,-1.1954720"
Mansfield,The Widow Frost,NG18 1NB,No,,"53.1461740,-1.1948000"
March,The Hippodrome,PE15 8AQ,No,,"52.5513260,0.0870000"
Margate,The Mechanical Elephant,CT9 1XJ,No,,"51.3865590,1.3773770"
Market Drayton,The Hippodrome,TF9 1PS,No,,"52.9057790,-2.4854310"
Market Harborough,The Sugar Loaf,LE16 7NJ,No,,"52.4784990,-0.9222610"
Marylebone,The Metropolitan Bar,NW1 5LA,No,,"51.5231290,-0.1569040"
Matlock,The Crown,DE4 3AT,No,,"53.1384580,-1.5559800"
Melksham,The Bear,SN12 6LL,No,,"51.3752510,-2.1390520"
Melton Mowbray,The Kettleby Cross,LE13 0UJ,No,,"52.7661780,-0.8893840"
Mere Green,The Mare Pool,B74 2UG,No,,"52.5857850,-1.8291890"
Merthyr Tydfil,Y Dic Penderyn,CF47 8AP,No,,"51.7469100,-3.3782760"
Mexborough,The Old Market Hall,S64 9QA,No,,"53.4927990,-1.2873860"
Middlesbrough,Swatter's Carr,TS1 3QW,No,,"54.5702570,-1.2383940"
Middlesbrough,The Isaac Wilson,TS1 1SF,No,,"54.5779630,-1.2375230"
Middlesbrough,The Resolution,TS1 5UA,No,,"54.5757850,-1.2384150"
Middleton,The Harbord Harbord,M24 6TE,No,,"53.5503600,-2.1980270"
Mile End,The Half Moon,E1 4AA,No,,"51.5222430,-0.0455120"
Milton Keynes,Lloyds No.1 Bar,MK9 3PU,No,,"52.0438170,-0.7493020"
Milton Keynes,The Moon Under Water,MK9 3NN,No,,"52.0429600,-0.7559160"
Milton Keynes,The Secklow Hundred,MK9 2EA,No,,"52.0392110,-0.7609920"
Milton Keynes,Wetherspoons,MK9 1EA,No,,"52.0380100,-0.7673380"
Minehead,The Duke of Wellington,TA24 5NH,No,,"51.2057480,-3.4791680"
Mitcham,The White Lion of Mortimer,CR4 2JD,No,,"51.4069500,-0.1635060"
Mold,The Gold Cape,CH7 1ES,No,,"53.1659800,-3.1409630"
Monmouth,The King's Head,NP25 3DY,No,,"51.8121370,-2.7157730"
Morecambe,The Eric Bartholomew,LA4 5DD,No,,"54.0724810,-2.8659610"
Moreton,The Mockbeggar Hall,CH46 0SL,No,,"53.4002510,-3.1140720"
Morley,The Picture House,LS27 8HE,No,,"53.7440110,-1.5998740"
Morpeth,The Electrical Wizard,NE61 1PS,No,,"55.1670770,-1.6909800"
Moseley,The Elizabeth of York,B13 8JG,No,,"52.4461240,-1.8871970"
Motherwell,The Brandon Works,ML1 1JJ,No,,"55.7911160,-3.9920640"
Musselburgh,The David Macbeth Moir,EH21 6AG,No,,"55.9433660,-3.0575560"
Muswell Hill,The Mossy Well,N10 3SH,No,,"51.5908620,-0.1421530"
Nailsea,The Glass Maker,BS48 1RD,No,,"51.4323210,-2.7585850"
Neath,The David Protheroe,SA11 1LS,No,,"51.6616890,-3.8063390"
New Barnet,The Railway Bell,EN4 8RR,No,,"51.6501780,-0.1744360"
New Brighton,The Master Mariner,CH45 2JT,No,,"53.4397450,-3.0439130"
New Ferry,The John Masefield,CH62 5AD,No,,"53.3612310,-2.9981140"
New Malden,The Watchman,KT3 4ES,No,,"51.3992160,-0.2552470"
Newark-on-Trent,The Sir John Arderne,NG24 1DT,No,,"53.0767610,-0.8091140"
Newbury,The Diamond Tap,RG14 5BX,No,,"51.3996040,-1.3222140"
Newbury,The Hatchet Inn,RG14 5BD,No,,"51.4008750,-1.3226270"
Newcastle upon Tyne,The Five Swans,NE1 7PG,No,,"54.9776860,-1.6124730"
Newcastle upon Tyne,The Job Bulman,NE3 1AA,No,,"55.0049630,-1.6195120"
Newcastle upon Tyne,The Keel Row,NE1 5RF,No,,"54.9719410,-1.6171840"
Newcastle upon Tyne,The Mile Castle,NE1 5XU,No,,"54.9703670,-1.6168550"
Newcastle upon Tyne,The Quayside,NE1 3RN,No,,"54.9673440,-1.6101670"
Newcastle upon Tyne,The Union Rooms,NE1 1TT,No,,"54.9699380,-1.6148600"
Newcastle-under-Lyme,The Arnold Machin,ST5 1PB,No,,"53.0119740,-2.2256880"
Newmarket,The Golden Lion,CB8 8LB,No,,"52.2452190,0.4078910"
Newport,The Godfrey Morgan,NP19 8EG,No,,"51.5897180,-2.9786230"
Newport,The John Wallace Linton,NP20 4AD,No,,"51.5882870,-2.9979920"
Newport,The Man in the Moon,PO30 5HB,No,,"50.7001650,-1.2962350"
Newport,The Queen's Hotel,NP20 4AN,No,,"51.5875290,-2.9993900"
Newport,The Tom Toya Lewis,NP20 1LW,No,,"51.5835700,-2.9934000"
Newport,The William Coppin,PO30 2BX,No,,"50.7012540,-1.2889410"
Newquay,The Cribbar,TR7 1ER,No,,"50.4136530,-5.0858800"
Newquay,The Towan Blystra,TR7 1SG,No,,"50.4143700,-5.0771700"
Newton Abbot,The Richard Hopkins,TQ12 2EW,No,,"50.5306360,-3.6070470"
Newtown,The Black Boy,SY16 2BQ,No,,"52.5163530,-3.3158590"
Newtownards,The Spirit Merchant,BT23 4LP,No,,"54.5932080,-5.7019770"
Norbury,The Moon Under Water,SW16 4AU,No,,"51.4070770,-0.1215590"
North Cheam,The Nonsuch Inn,SM3 9AA,No,,"51.3721090,-0.2257040"
North Finchley,The Tally Ho,N12 0BP,No,,"51.6137360,-0.1764180"
Northampton,The Cordwainer,NN1 2AQ,No,,"52.2379690,-0.8924220"
Northampton,The Moon on the Square,NN1 2EA,No,,"52.2387310,-0.8969870"
Northwich,The Penny Black,CW9 5AB,No,,"53.2621360,-2.5088280"
Northwood Hills,The William Jolle,HA6 1NZ,No,,"51.6010890,-0.4092440"
Norwich,The Bell Hotel,NR1 3QB,No,,"52.6272260,1.2951490"
Norwich,The Glass House,NR3 1LA,No,,"52.6326890,1.2978810"
Norwich,The Queen of Iceni,NR1 1ED,No,,"52.6234320,1.3077290"
Norwich,The Whiffler,NR6 5JB,No,,"52.6545120,1.2692070"
Nottingham,Lloyds No.1 Bar,NG1 1NL,No,,"52.9538010,-1.1444330"
Nottingham,The Company Inn,NG1 7EH,No,,"52.9481010,-1.1493980"
Nottingham,The Free Man,NG4 1JD,No,,"52.9661380,-1.1094530"
Nottingham,The Gooseberry Bush,NG1 4GL,No,,"52.9604210,-1.1538010"
Nottingham,The Joseph Else,NG1 2JS,No,,"52.9527910,-1.1503030"
Nottingham,The Roebuck Inn,NG1 6FH,No,,"52.9527600,-1.1522390"
Nottingham,The Samuel Hall,NG5 2JN,No,,"52.9817540,-1.1463540"
Nottingham,The Trent Bridge Inn,NG2 6AA,No,,"52.9371860,-1.1341670"
Nottingham,The Woodthorpe Top,NG3 5JL,No,,"52.9842100,-1.1242900"
Nuneaton,The Felix Holt,CV11 5BS,No,,"52.5231470,-1.4691170"
Nuneaton,The William White,CV11 4EU,No,,"52.5235490,-1.4664150"
Oadby,The Lord Keeper of the Great Seal,LE2 5BF,No,,"52.5996560,-1.0840210"
Oakham,The Captain Noel Newton,LE15 6AJ,No,,"52.6700420,-0.7304180"
Oban,The Corryvreckan,PA34 4LW,No,,"56.4122120,-5.4756580"
Oldbury,The Court of Requests,B69 3AF,No,,"52.5048090,-2.0157200"
Oldham,The Shay Wake,OL2 8EQ,No,,"53.5783250,-2.0927390"
Oldham,The Squire Knott,OL1 3SL,No,,"53.5423760,-2.1090180"
Oldham,The Up Steps Inn,OL1 3AJ,No,,"53.5423270,-2.1134400"
Ormskirk,The Court Leet,L39 2XA,No,,"53.5678570,-2.8852710"
Orpington,The Harvest Moon,BR6 0LQ,No,,"51.3778410,0.1013830"
Oswestry,The Wilfred Owen,SY11 1AF,No,,"52.8592010,-3.0563460"
Otley,The Bowling Green,LS21 3AB,No,,"53.9037580,-1.6928670"
Oxford,The Four Candles,OX1 2BE,No,,"51.7533980,-1.2618680"
Oxford,The Swan & Castle,OX1 1AY,No,,"51.7513580,-1.2620610"
Oxford,The William Morris,OX4 3LR,No,,"51.7324020,-1.2171620"
Oxted,The Oxted Inn,RH8 9HR,No,,"51.2575060,-0.0045780"
Paignton,Talk of the Town,TQ4 6AL,No,,"50.4349930,-3.5617450"
Paignton,The Isaac Merritt,TQ3 3AA,No,,"50.4373000,-3.5673830"
Paisley,The Last Post,PA1 1BN,No,,"55.8464160,-4.4243680"
Paisley,The Sanderling,PA3 2ST,No,,"55.8646530,-4.4320900"
Paisley,The Sandpiper,PA3 2SW,No,,"55.8646530,-4.4320901"
Palmers Green,The Alfred Herring,N13 5TT,No,,"51.6189440,-0.1071890"
Peckham,The Kentish Drovers,SE15 5RS,No,,"51.4737910,-0.0693850"
Peebles,The Cross Keys,EH45 8RS,No,,"55.6527790,-3.1885270"
Penarth,The Bears Head,CF64 1JD,No,,"51.4394570,-3.1754100"
Penge,The Moon & Stars,SE20 7QS,No,,"51.4123920,-0.0505460"
Penrith,The Dog Beck,CA11 8JH,No,,"54.6618500,-2.7499980"
Penzance,The Tremenheere,TR18 2JA,No,,"50.1185540,-5.5365750"
Perranporth,The Green Parrot,TR6 0JP,No,,"50.3443630,-5.1560560"
Perth,The Capital Asset,PH1 5LQ,No,,"56.3974760,-3.4263560"
Peterborough,The College Arms,PE1 1RS,No,,"52.5750450,-0.2419240"
Peterborough,The Draper's Arms,PE1 1LZ,No,,"52.5729740,-0.2459470"
Peterhead,Cross Keys,AB42 1TH,No,,"57.5055080,-1.7788700"
Peterlee,The Five Quarter,SR8 1AB,No,,"54.7583210,-1.3336530"
Petersfield,The Red Lion,GU31 4AE,No,,"51.0050740,-0.9336350"
Plymouth,The Britannia Inn,PL2 3AA,No,,"50.3858980,-4.1581740"
Plymouth,The Gog and Magog,PL1 2LA,No,,"50.3678170,-4.1373710"
Plymouth,The Mannamead,PL4 6JH,No,,"50.3824470,-4.1336540"
Plymouth,The Union Rooms,PL1 2SU,No,,"50.3696010,-4.1474080"
Plympton,The Stannary Court,PL7 2AA,No,,"50.3878650,-4.0514710"
Pontefract,The Blue Bell,WF9 4LQ,No,,"53.6136260,-1.3543570"
Pontefract,The Broken Bridge,WF8 1PD,No,,"53.6925570,-1.3085060"
Pontypool,The John Capel Hanbury,NP4 6LT,No,,"51.7041980,-3.0424070"
Pontypridd,The Tumble Inn,CF37 1BA,No,,"51.5994590,-3.3405250"
Poole,The Lord Wimborne,BH15 1QD,No,,"50.7161440,-1.9821860"
Poole,The Quay,BH15 1HJ,No,,"50.7123590,-1.9872430"
Port Talbot,The Lord Caradoc,SA13 1NW,No,,"51.5941680,-3.7821460"
Portsmouth,The Isambard Kingdom Brunel,PO1 2DD,No,,"50.7966670,-1.0930610"
Portsmouth,The John Jacques,PO1 5BZ,No,,"50.7987060,-1.0766740"
Portsmouth,The Sir Alec Rose,PO6 4TP,No,,"50.8408970,-1.0970890"
Portsmouth,The Sir John Baker,PO2 0LN,No,,"50.8146450,-1.0794830"
Portsmouth,The Trafalgar,PO1 1DE,No,,"50.8003140,-1.0914570"
Potters Bar,The Admiral Byng,EN6 1AF,No,,"51.6990250,-0.1907620"
Poulton Le Fylde,The Poulton Elk,FY6 7SR,No,,"53.8450920,-2.9924460"
Poynton,The Kingfisher,SK12 1NJ,No,,"53.3475090,-2.1236160"
Prescot,The Watch Maker,L34 5QL,No,,"53.4295150,-2.8020520"
Preston,The Grey Friar,PR1 2EJ,No,,"53.7597840,-2.7010930"
Preston,The Twelve Tellers,PR1 3BQ,No,,"53.7592640,-2.6962460"
Prestwick,The Prestwick Pioneer,KA9 1JS,No,,"55.4994300,-4.6105880"
Pudsey,The Crossed Shuttle,LS28 7BJ,No,,"53.7966470,-1.6618300"
Purley,The Foxley Hatch,CR8 2LE,No,,"51.3392720,-0.1176560"
Putney,The Railway,SW15 6TD,No,,"51.4612130,-0.2177590"
Putney,The Rocket,SW15 2JQ,No,,"51.4653960,-0.2131910"
Pwllheli,Pen Cob,LL53 5HG,No,,"52.8878940,-4.4176520"
Rayleigh,The Roebuck,SS6 7BU,No,,"51.5849980,0.6034050"
Rayners Lane,The Village Inn,HA5 5DY,No,,"51.5767690,-0.3708530"
Raynes Park,The Edward Rayne,SW20 8ND,No,,"51.4097570,-0.2290350"
Reading,The Back of Beyond,RG1 3BY,No,,"51.4546460,-0.9634070"
Reading,The Hope Tap,RG1 1EP,No,,"51.4564620,-0.9745920"
Reading,The Monks' Retreat,RG1 1HE,No,,"51.4564310,-0.9710530"
Redcar,The Plimsoll Line,TS10 3DH,No,,"54.6171490,-1.0612920"
Redditch,The Rising Sun,B98 8AE,No,,"52.3062850,-1.9392660"
Redditch,The Royal Enfield,B97 4QR,No,,"52.3067450,-1.9429170"
Redhill,The Sun,RH1 1LY,No,,"51.2409660,-0.1683190"
Retford,The Dominie Cross,DN22 6JR,No,,"53.3224450,-0.9410240"
Rhyl,The Sussex,LL18 1SG,No,,"53.3210060,-3.4915370"
Richmond,The Ralph Fitz Randal,DL10 4AE,No,,"54.4048220,-1.7363860"
Rickmansworth,The Pennsylvanian,WD3 1AN,No,,"51.6387190,-0.4700530"
Ripley,The Red Lion,DE5 3BS,No,,"53.0508080,-1.4078350"
Ripon,The Unicorn Hotel,HG4 1BP,No,,"54.1365070,-1.5229890"
Rochdale,The Regal Moon,OL16 1HB,No,,"53.6175820,-2.1566800"
Rochester,The Golden Lion,ME1 1EL,No,,"51.3866350,0.5069770"
Romford,The Moon and Stars,RM1 1NX,No,,"51.5759540,0.1831180"
Romford,The World's Inn,RM1 1NX,No,,"51.5759540,0.1831180"
Ross-on-Wye,The Mail Rooms,HR9 5BS,No,,"51.9138130,-2.5828790"
Rotherham,The Bluecoat,S60 2DJ,No,,"53.4292650,-1.3550460"
Rotherham,The Corn Law Rhymer,S60 1PT,No,,"53.4302940,-1.3558430"
Rotherham,The Rhinoceros,S60 1PL,No,,"53.4319000,-1.3568280"
Rotherhithe,The Surrey Docks,SE16 2LW,No,,"51.4925700,-0.0456290"
Rowley Regis,The Britannia,B65 0ES,No,,"52.4749300,-2.0404580"
Royston,The Manor House,SG8 7BZ,No,,"52.0483500,-0.0227250"
Rugby,Rupert Brooke,CV21 2TP,No,,"52.3731880,-1.2592650"
Rugby,The Lawrence Sheriff,CV21 3BW,No,,"52.3713500,-1.2629830"
Rugeley,The Plaza,WS15 2EJ,No,,"52.7575840,-1.9350270"
Ruislip Manor,J.J. Moon's,HA4 0AA,No,,"51.5734250,-0.4135720"
Runcorn,The Ferry Boat,WA7 1LR,No,,"53.3425640,-2.7324540"
Rushden,The Railway Inn,NN10 0PA,No,,"52.2931960,-0.5991930"
Rutherglen,An Ruadh-Ghleann,G73 2HY,No,,"55.8280800,-4.2167840"
Ruthin,The Castle Hotel,LL15 1AA,No,,"53.1147660,-3.3104110"
Ryde,S. Fowler & Co.,PO33 2LF,No,,"50.7305160,-1.1628460"
Saffron Walden,The Temeraire,CB10 1AA,No,,"52.0213600,0.2393020"
Sale,The J. P. Joule,M33 3BR,No,,"53.4238160,-2.3169510"
Saltcoats,The Salt Cot,KA21 5DS,No,,"55.6344040,-4.7909380"
Sandbach,The George Inn,CW11 1AL,No,,"53.1429870,-2.3614770"
Scarborough,The Lord Rosebery,YO11 1JW,No,,"54.2810950,-0.4044390"
Scunthorpe,The Blue Bell Inn,DN15 7PU,No,,"53.5903400,-0.6545950"
Seaham,The Hat and Feathers,SR7 7HF,No,,"54.8372600,-1.3336300"
Sedgley,The Clifton,DY3 1RX,No,,"52.5411020,-2.1226460"
Selby,The Giant Bellflower,YO8 4HF,No,,"53.7832970,-1.0720460"
Selsdon,The Sir Julian Huxley,CR2 8LB,No,,"51.3436510,-0.0619220"
Sevenoaks,The Sennockian,TN13 1UX,No,,"51.2725430,0.1924890"
Sheerness,The Belle and Lion,ME12 1NL,No,,"51.4406480,0.7611130"
Sheffield,Sheffield Waterworks Company,S1 4GF,No,,"53.3800350,-1.4744750"
Sheffield,The Bankers Draft,S1 2GH,No,,"53.3832890,-1.4663020"
Sheffield,The Benjamin Huntsman,S1 4HP,No,,"53.3792070,-1.4722000"
Sheffield,The Francis Newton,S10 2LA,No,,"53.3763840,-1.4927680"
Sheffield,The Rawson Spring,S6 2LN,No,,"53.4015080,-1.4994030"
Sheffield,The Sheaf Island,S11 8HW,No,,"53.3722530,-1.4811990"
Sheffield,The Steel Foundry,S9 1EP,No,,"53.4130400,-1.4124610"
Sheffield,The Swim Inn,S10 2GW,No,,"53.3798780,-1.4817680"
Sheffield,The Wagon and Horses,S35 2UU,No,,"53.4619370,-1.4659040"
Sheffield,The Woodseats Palace,S8 0SD,No,,"53.3439180,-1.4784790"
Shepherds Bush,The Central Bar,W12 8PH,No,,"51.5038710,-0.2193950"
Shipley,The Sir Norman Rae,BD18 3QB,No,,"53.8335140,-1.7765560"
Shirley,The Bright Water Inn,SO15 3HY,No,,"50.9188010,-1.4293150"
Shirley,The Pump House,B90 3AQ,No,,"52.4124390,-1.8277270"
Shoeburyness,Parsons' Barn,SS3 8UT,No,,"51.5422110,0.7844810"
Shotton,The Central Hotel,CH5 1BX,No,,"53.2125380,-3.0395920"
Shrewsbury,Montgomery's Tower,SY1 1RT,No,,"52.7095130,-2.7589410"
Shrewsbury,The Shrewsbury Hotel,SY1 1PU,No,,"52.7090630,-2.7562690"
Sidcup,The Tailor's Chalk,DA14 6ED,No,,"51.4262180,0.1036450"
Sittingbourne,The Golden Hope,ME10 1DR,No,,"51.3398720,0.7315290"
Sittingbourne,The Summoner,ME10 4AY,No,,"51.3392500,0.7396770"
Skegness,The Red Lion,PE25 2RU,No,,"53.1442020,0.3366910"
Skipton,The Devonshire,BD23 2HR,No,,"53.9603230,-2.0159210"
Sleaford,The Packhorse Inn,NG34 7BH,No,,"52.9998450,-0.4107080"
Slough,The Moon and Spoon,SL1 1EL,No,,"51.5097180,-0.5965050"
Solihull,The Assembly Rooms,B91 3AD,No,,"52.4145050,-1.7783190"
Solihull,The White Swan,B91 3SB,No,,"52.4144830,-1.7805680"
South Shields,The Wouldhave,NE33 1TA,No,,"55.0000250,-1.4333760"
Southampton,The Admiral Sir Lucius Curtis,SO14 3JS,No,,"50.9023890,-1.3944750"
Southampton,The Giddy Bridge,SO15 2AE,No,,"50.9110270,-1.4050310"
Southampton,The Standing Order,SO14 2DF,No,,"50.9006790,-1.4036550"
Southend-on-Sea,The Last Post,SS1 1AS,No,,"51.5364970,0.7124860"
Southgate,The New Crown,N14 5PH,No,,"51.6335320,-0.1309450"
Southport,The Sir Henry Segrave,PR8 1RH,No,,"53.6458050,-3.0112520"
Southport,The Willow Grove,PR9 0AG,No,,"53.6493780,-3.0043180"
Southsea,The Lord Palmerston,PO5 3PT,No,,"50.7841090,-1.0891470"
Sowerby Bridge,The Commercial Inn,HX6 2LA,No,,"53.7094190,-1.9084720"
Spalding,The Ivy Wall,PE11 1DQ,No,,"52.7885700,-0.1515850"
Spennymoor,The Grand Electric Hall,DL16 6DJ,No,,"54.7001770,-1.5994180"
St Albans,Waterend Barn,AL1 3LE,No,,"51.7526180,-0.3374700"
St Anne's on Sea,The Trawl Boat Inn,FY8 1QR,No,,"53.7510640,-3.0298550"
St Austell,The Rann Wartha,PL25 5EW,No,,"50.3386380,-4.7936640"
St Helens,The Glass House,WA10 1NE,No,,"53.4513340,-2.7358610"
St Helens,The Running Horses,WA10 1PY,No,,"53.4517960,-2.7396630"
St Ives,The Hain Line,TR26 1SB,No,,"50.2117370,-5.4810520"
St Neots,The Weeping Ash,PE19 1AE,No,,"52.2288480,-0.2691770"
Stafford,The Butler's Bell,ST16 2NT,No,,"52.8084230,-2.1177910"
Stafford,The Picture House,ST16 2HL,No,,"52.8041730,-2.1159840"
Staines,The George,TW18 4EE,No,,"51.4338270,-0.5128590"
Stalybridge,The Society Rooms,SK15 2JN,No,,"53.4812010,-2.0570410"
Stamford,The Stamford Post,PE9 2QZ,No,,"52.6511940,-0.4808850"
Stanmore,The Man in the Moon,HA7 4EB,No,,"51.6180470,-0.3113070"
Stansted Airport,The Windmill,CM24 1QN,No,,"51.8881510,0.2583670"
Stapleford,Admiral Sir John Borlase Warren,NG9 7AA,No,,"52.9292690,-1.2758000"
Stirling,The Crossed Peels,FK8 1AT,No,,"56.1186590,-3.9388750"
Stockport,The Calverts Court,SK1 1EB,No,,"53.4099390,-2.1578850"
Stockton-on-Tees,The Highland Laddie,TS20 1AQ,No,,"54.5882440,-1.3110060"
Stockton-on-Tees,The Thomas Sheraton,TS18 1BH,No,,"54.5616040,-1.3121040"
Stoke Newington,The Rochester Castle,N16 0NY,No,,"51.5612690,-0.0741950"
Stoke-on-Trent,The Wheatsheaf,ST4 1BU,No,,"53.0043840,-2.1858010"
Stone,The Poste of Stone,ST15 8AB,No,,"52.9036320,-2.1485420"
Stoneycroft,The Navigator,L13 5UH,No,,"53.4130450,-2.9042730"
Stourbridge,The Chequers Inn,DY8 1EQ,No,,"52.4550440,-2.1439500"
Stourbridge,The Edward Rutland,DY8 1DX,No,,"52.4559330,-2.1447030"
Stourport-on-Severn,Ye Olde Crown Inn,DY13 8XB,No,,"52.3286390,-2.2855420"
Stowmarket,The Willow Tree,IP14 1BB,No,,"52.1853830,0.9993920"
Stratford,Goldengrove,E15 1NS,No,,"51.5442210,0.0040460"
Stratford-upon-Avon,The Golden Bee,CV37 6EE,No,,"52.1916480,-1.7052750"
Streatham,The Crown & Sceptre,SW2 4AH,No,,"51.4449900,-0.1249250"
Streatham,The Holland Tringham,SW16 1HJ,No,,"51.4296600,-0.1301560"
Street,The Lantokay,BA16 0EY,No,,"51.1258420,-2.7412480"
Stretford,The Bishop Blaize,M32 0SF,No,,"53.4613880,-2.2886140"
Stroud,The Lord John,GL5 3AB,No,,"51.7446410,-2.2179780"
Sudbury,Grover & Allen,CO10 1RF,No,,"52.0403120,0.7308930"
Sunderland,The Cooper Rose,SR1 3NG,No,,"54.9032460,-1.3879040"
Sunderland,The Lambton Worm,SR1 3QA,No,,"54.9066380,-1.3741420"
Sunderland,The William Jameson,SR1 1RH,No,,"54.9058720,-1.3812670"
Surbiton,The Cap in Hand,KT6 5DE,No,,"51.3755770,-0.3044670"
Surbiton,The Coronation Hall,KT6 4LQ,No,,"51.3936140,-0.3037150"
Sutton,The Grapes,SM1 1NR,No,,"51.3659040,-0.1939090"
Sutton,The Moon on the Hill,SM1 1DZ,No,,"51.3617020,-0.1931690"
Sutton Coldfield,The Bishop Vesey,B73 5XA,No,,"52.5486200,-1.8409830"
Sutton Coldfield,The Bottle of Sack,B72 1QG,No,,"52.5589830,-1.8268740"
Sutton in Ashfield,The Picture House,NG17 1DA,No,,"53.1250050,-1.2601120"
Swadlincote,The Sir Nigel Gresley,DE11 0AD,No,,"52.7734840,-1.5609460"
Swansea,The Bank Statement,SA1 1EP,No,,"51.6191980,-3.9406130"
Swansea,The Mardy Inn,SA4 4BR,No,,"51.6692020,-4.0384150"
Swansea,The Red Lion,SA6 6JA,No,,"51.6686600,-3.9228860"
Swindon,The Dockle Farmhouse,SN3 4PD,No,,"51.5734880,-1.7563980"
Swindon,The Groves Company Inn,SN1 1RQ,No,,"51.5628020,-1.7865480"
Swindon,The Savoy,SN1 1JL,No,,"51.5599630,-1.7827390"
Swindon,The Sir Daniel Arms,SN1 1RQ,No,,"51.5628020,-1.7865480"
Swords,The Old Borough,Swords,No,,"53.4557470,-6.2197410"
Tamworth,The Bole Bridge,B79 7PA,No,,"52.6334230,-1.6916790"
Tamworth,The Silk Kite,B79 7DF,No,,"52.6337490,-1.6959770"
Taunton,The Coal Orchard,TA1 1UD,No,,"51.0188800,-3.1052030"
Taunton,The Perkin Warbeck,TA1 3LP,No,,"51.0148130,-3.0997170"
Tavistock,The Queen's Head Hotel,PL19 8AQ,No,,"50.5498810,-4.1465280"
Teignmouth,The Jolie Brise,TQ14 8PE,No,,"50.5472110,-3.4942690"
Telford,The Thomas Botfield,TF3 4BW,No,,"52.6756000,-2.4468020"
Tewkesbury,The Royal Hop Pole,GL20 5RS,No,,"51.9919320,-2.1587690"
Thetford,The Red Lion,IP24 2AL,No,,"52.4132360,0.7511480"
Thirsk,The Three Tuns,YO7 1LH,No,,"54.2323320,-1.3417210"
Tiverton,The White Ball Inn,EX16 5LY,No,,"50.9030550,-3.4909000"
Todmorden,The White Hart,OL14 7BD,No,,"53.7141410,-2.0980840"
Tonbridge,The Humphrey Bean,TN9 1AP,No,,"51.1950510,0.2742720"
Tooting,J.J. Moon's,SW17 0RN,No,,"51.4273890,-0.1691890"
Torquay,The Green Ginger,TQ2 5DZ,No,,"50.4621970,-3.5259520"
Torquay,The London Inn,TQ1 2AA,No,,"50.4616420,-3.5243840"
Tower Bridge (South),The Pommelers Rest,SE1 2UN,No,,"51.5024150,-0.0770800"
Tower Hamlets,Goodman's Field,E1 8AN,No,,"51.5123160,-0.0726860"
Tower of London,The Liberty Bounds,EC3N 4AA,No,,"51.5097450,-0.0787890"
Tredegar,The Olympia,NP22 3ND,No,,"51.7706610,-3.2441560"
Trowbridge,Sir Isaac Pitman,BA14 8AL,No,,"51.3196980,-2.2072880"
Trowbridge,The Albany Palace,BA14 8AQ,No,,"51.3201500,-2.2059560"
Truro,Try Dowr,TR1 2LW,No,,"50.2618560,-5.0502730"
Tunbridge Wells,Opera House,TN1 1RT,No,,"51.1338070,0.2639860"
Twickenham,The William Webb Ellis,TW1 3RR,No,,"51.4477900,-0.3284610"
Upper Edmonton,The Gilpin's Bell,N18 2SS,No,,"51.6097560,-0.0659470"
Urmston,The Tim Bobbin,M41 5AN,No,,"53.4480300,-2.3585980"
Uttoxeter,The Old Swan,ST14 8HN,No,,"52.8978750,-1.8630930"
Uxbridge,The Good Yarn,UB8 1JX,No,,"51.5477390,-0.4805340"
Uxbridge,The White House,UB11 1AA,No,,"51.5123850,-0.4443710"
Victoria,The Willow Walk,SW1V 1LW,No,,"51.4953390,-0.1424520"
Victoria Station Concourse,Wetherspoons,SW1V 1JT,No,,"51.4949740,-0.1443540"
Wakefield,The Six Chimneys,WF1 1HX,No,,"53.6824180,-1.4937640"
Walkden,The Bull's Head,M28 3NJ,No,,"53.5241920,-2.4001630"
Wallasey,The Clairville,CH45 4NW,No,,"53.4197400,-3.0475300"
Wallington,The Whispering Moon,SM6 8QF,No,,"51.3602960,-0.1492280"
Wallsend,The Ritz,NE28 8JD,No,,"54.9905160,-1.5371760"
Walsall,St. Matthew's Hall,WS1 1SX,No,,"52.5854120,-1.9801500"
Walsall,The Imperial,WS1 1DA,No,,"52.5855380,-1.9814630"
Waltham Cross,The Moon and Cross,EN8 7BX,No,,"51.6852680,-0.0325530"
Walton-on-Thames,The Regent,KT12 2QP,No,,"51.3870610,-0.4189320"
Wanstead,The George,E11 2RL,No,,"51.5767010,0.0276860"
Warminster,The Bath Arms,BA12 9AZ,No,,"51.2046940,-2.1794030"
Warwick,The Thomas Lloyd,CV34 4SA,No,,"52.2818650,-1.5901070"
Washington,Sir William De Wessygnton,NE37 2SY,No,,"54.9126420,-1.5237500"
Waterloo,The Queens Picture House,L22 5PE,No,,"53.4742210,-3.0278990"
Waterlooville,The Denmead Queen,PO7 7EB,No,,"50.8806720,-1.0308620"
Watford,Colombia Press,WD17 1AW,No,,"51.6584100,-0.4010350"
Watford,The Moon Under Water,WD17 2BS,No,,"51.6560120,-0.3973320"
Wath upon Dearne,The Church House,S63 7RZ,No,,"53.5025660,-1.3448280"
Wednesbury,The Bellwether,WS10 9BZ,No,,"52.5537140,-2.0177580"
Wednesfield,The Royal Tiger,WV11 1ST,No,,"52.6002090,-2.0823420"
Welling,The New Cross Turnpike,DA16 3PB,No,,"51.4628150,0.1043630"
Wellingborough,The Red Well,NN8 1BD,No,,"52.3018740,-0.6951720"
Wellington,The William Withering,TF1 1LU,No,,"52.7006750,-2.5169800"
Wells,The Quarter Jack,BA5 1SY,No,,"51.2070490,-2.6491050"
Wembley,J.J. Moon's,HA9 6AA,No,,"51.5534230,-0.2922380"
West Bromwich,The Billiard Hall,B70 7AB,No,,"52.5182590,-1.9957560"
West End,The Lord Moon of the Mall,SW1A 2DY,No,,"51.5064600,-0.1275320"
West End,The Moon Under Water,WC2H 7LE,No,,"51.5106870,-0.1292900"
West Kirby,The Dee Hotel,CH48 4EF,No,,"53.3726870,-3.1826910"
Westhoughton,The Robert Shaw,BL5 3AN,No,,"53.5489290,-2.5211080"
Weston-super-Mare,Cabot Court Hotel,BS23 2AH,No,,"51.3504460,-2.9819010"
Weston-super-Mare,The Dragon Inn,BS23 1QG,No,,"51.3479700,-2.9780290"
Weymouth,The Swan,DT4 8EH,No,,"50.6084310,-2.4548480"
Weymouth,The William Henry,DT4 8HQ,No,,"50.6113010,-2.4545370"
Whickham,The Harry Clasper,NE16 4HF,No,,"54.9444740,-1.6675390"
Whitby,The Angel Hotel,YO21 1DH,No,,"54.4857280,-0.6142840"
Whitehaven,The Bransty Arch,CA28 7XE,No,,"54.5511620,-3.5867830"
Whitley Bay,The Fire Station,NE26 1AB,No,,"55.0429710,-1.4452740"
Whitstable,The Peter Cushing,CT5 1DD,No,,"51.3565330,1.0240890"
Whittlesey,The George Hotel,PE7 1AB,No,,"52.5560470,-0.1275480"
Wick,The Alexander Bain,KW1 4LP,No,,"58.4422840,-3.0907820"
Widnes,The Premier,WA8 6JS,No,,"53.3698010,-2.7250160"
Wigan,The Brocket Arms,WN1 2DD,No,,"53.5570280,-2.6345000"
Wigan,The Moon Under Water,WN1 1PE,No,,"53.5463040,-2.6313810"
Wigston,The William Wygston,LE18 1DR,No,,"52.5869700,-1.1062490"
Willenhall,The Malthouse,WV13 2BG,No,,"52.5833240,-2.0559360"
Wilmslow,The Bollin Fee,SK9 1HE,No,,"53.3273970,-2.2294380"
Wimbledon,The Wibbas Down Inn,SW19 1QT,No,,"51.4181600,-0.2021040"
Wimborne,The Man in the Wall,BH21 1NF,No,,"50.8010890,-1.9882980"
Winchester,The Old Gaolhouse,SO23 8RZ,No,,"51.0638620,-1.3163530"
Windsor,The King and Castle,SL4 1PL,No,,"51.4837690,-0.6087660"
Windsor,The Windlesora,SL4 1BB,No,,"51.4806170,-0.6106760"
Winsford,The Queens Arms,CW7 1AT,No,,"53.1908820,-2.5312570"
Wisbech,The Wheatsheaf Inn,PE13 1BL,No,,"52.6633920,0.1632900"
Wishaw,The Wishaw Malt,ML2 7BL,No,,"55.7739920,-3.9189160"
Witham,The Battesford Court,CM8 1AH,No,,"51.7990590,0.6387990"
Witney,The Company of Weavers,OX28 6AD,No,,"51.7836720,-1.4847370"
Woking,The Herbert Wells,GU21 5AJ,No,,"51.3201510,-0.5556580"
Wokingham,The Gig House,RG40 2LD,No,,"51.4095960,-0.8359120"
Wolverhampton,The Moon Under Water,WV1 1EQ,No,,"52.5868940,-2.1247660"
Wombwell,The Horseshoe,S73 0AA,No,,"53.5222970,-1.3979940"
Wood Green,Spouter's Corner,N22 6EJ,No,,"51.5969730,-0.1087090"
Woolwich,The Great Harry,SE18 6PQ,No,,"51.4897580,0.0664500"
Worcester,The Crown,WR1 3LL,No,,"52.1930550,-2.2224930"
Worcester,The Postal Order,WR1 1DN,No,,"52.1956100,-2.2216280"
Workington,The Henry Bessemer,CA14 2NA,No,,"54.6430290,-3.5484880"
Worksop,The Liquorice Gardens,S80 2AS,No,,"53.3044500,-1.1229310"
Worthing,The Sir Timothy Shelley,BN11 1EG,No,,"50.8124530,-0.3709440"
Worthing,The Three Fishes,BN11 1BE,No,,"50.8131380,-0.3704100"
Wrexham,The Elihu Yale,LL11 1RR,No,,"53.0472270,-2.9971370"
Wrexham,The North and South Wales Bank,LL13 8HP,No,,"53.0452270,-2.9923630"
Yardley,The William Tyler,B25 8UT,No,,"52.4680650,-1.8076820"
Yate,Thorn's Farm,BS37 4BB,No,,"51.5392580,-2.4132600"
Yeovil,The William Dampier,BA20 1LN,No,,"50.9414400,-2.6270650"
York,The Postern Gate,YO1 9NX,No,,"53.9563910,-1.0777480"
York,The Punch Bowl,YO24 1AU,No,,"53.9556260,-1.0906420"